Workbook

Sheet Inputs
A1: Parameter | B1: Value | C1: Unit | D1: Basis / source
A2: MATERIAL PRICES
A3: Base paper price | B3: 1.2 | C3: USD/kg | D3: ASSUMPTION — commodity coated/uncoated paper stock; replace with a supplier quote
A4: Binder price | B4: 4 | C4: USD/kg | D4: ASSUMPTION — spans PEG / shellac / latex; replace per binder chosen
A5: 1-MCP/alpha-CD complex price | B5: 120 | C5: USD/kg | D5: ASSUMPTION — speciality complex, NOT verified. Dominant uncertainty in this model
A6: Protective overwrap price | B6: 0.02 | C6: USD/insert | D6: ASSUMPTION — barrier film pouch
A8: PRODUCT SPECIFICATION
A9: Base paper grammage | B9: 120 | C9: g/m2 | D9: Proposed starting range 80-200 (Section 9.2)
A10: Total dry coat weight | B10: 10 | C10: g/m2 | D10: Proposed starting range 4-20 (Section 9.2); no retrieved source reports this
A11: Complex fraction of dry coating | B11: 0.25 | C11: w/w | D11: Proposed starting range 0.10-0.40
A12: 1-MCP content of complex | B12: 0.03 | C12: w/w | D12: ASSUMPTION — typical order for alpha-CD inclusion complexes; MUST be verified by assay
A13: Insert area | B13: 0.02 | C13: m2 | D13: ASSUMPTION — approx. 141 x 141 mm insert
A15: CONVERSION AND OVERHEAD
A16: Coating + drying cost | B16: 0.15 | C16: USD/m2 | D16: ASSUMPTION — roll-to-roll converting; scale-sensitive
A17: Converting/die-cutting cost | B17: 0.08 | C17: USD/m2 | D17: ASSUMPTION
A18: Quality control per insert | B18: 0.005 | C18: USD/insert | D18: ASSUMPTION — sampling-based release QC
A19: Material utilisation yield | B19: 0.85 | C19: fraction | D19: ASSUMPTION — coating and die-cut waste
A20: Overhead and margin multiplier | B20: 1.35 | C20: x | D20: ASSUMPTION — applied to fully loaded cost
A22: APPLICATION CONTEXT
A23: Produce mass per package | B23: 5 | C23: kg | D23: Set to the target commodity's carton (Section 13)
A24: Inserts per package | B24: 1 | C24: count | D24: Design choice; revisit if dose scales with volume
A26: BENCHMARK (user-supplied)
A27: Incumbent consumable cost per package | B27: 0 | C27: USD/package | D27: LEAVE 0 UNLESS YOU HAVE A REAL QUOTE. No published price was retrievable; a fabricated benchmark would invalidate the comparison

Sheet Cost build-up
A1: Line | B1: Formula basis | C1: Value | D1: Unit
A2: Paper cost | B2: =B9/1000*B3 | C2: =Inputs!B9/1000*Inputs!B3 | D2: USD/m2
A3: Complex mass in coating | B3: =B10*B11 | C3: =Inputs!B10*Inputs!B11 | D3: g/m2
A4: Binder mass in coating | B4: =B10*(1-B11) | C4: =Inputs!B10*(1-Inputs!B11) | D4: g/m2
A5: Complex cost | B5: =C3/1000*B5 | C5: =C3/1000*Inputs!B5 | D5: USD/m2
A6: Binder cost | B6: =C4/1000*B4 | C6: =C4/1000*Inputs!B4 | D6: USD/m2
A7: Coating + drying | B7: =B16 | C7: =Inputs!B16 | D7: USD/m2
A8: Converting | B8: =B17 | C8: =Inputs!B17 | D8: USD/m2
A9: Subtotal per m2 (before yield) | B9: =C2+C5+C6+C7+C8 | C9: =C2+C5+C6+C7+C8 | D9: USD/m2
A10: Adjusted for yield | B10: =C9/B19 | C10: =C9/Inputs!B19 | D10: USD/m2
A12: Cost per insert (materials+conversion) | B12: =C10*B13 | C12: =C10*Inputs!B13 | D12: USD/insert
A13: Overwrap | B13: =B6 | C13: =Inputs!B6 | D13: USD/insert
A14: Quality control | B14: =B18 | C14: =Inputs!B18 | D14: USD/insert
A15: Fully loaded cost per insert | B15: =C12+C13+C14 | C15: =C12+C13+C14 | D15: USD/insert
A16: With overhead and margin | B16: =C15*B20 | C16: =C15*Inputs!B20 | D16: USD/insert
A18: Cost per package | B18: =C16*B24 | C18: =C16*Inputs!B24 | D18: USD/package
A19: Cost per kg produce protected | B19: =C18/B23 | C19: =C18/Inputs!B23 | D19: USD/kg
A21: 1-MCP delivered per insert | B21: =C3*B13*B12*1000 | C21: =C3*Inputs!B13*Inputs!B12*1000 | D21: mg
A22: Delta vs benchmark (negative = cheaper) | B22: =C18-B27 | C22: =C18-Inputs!B27 | D22: USD/package

Sheet Sensitivity
A1: Driver | B1: Why it dominates | C1: Low | D1: Base | E1: High
A2: Complex price (USD/kg) | B2: Unverified and the largest single input; a 5x error moves the answer more than everything else combined | C2: 40 | D2: 120 | E2: 400
A3: Coat weight (g/m2) | B3: Scales complex usage linearly and is the main release-control lever | C3: 4 | D3: 10 | E3: 20
A4: Complex fraction (w/w) | B4: Scales complex usage linearly | C4: 0.1 | D4: 0.25 | E4: 0.4
A5: Insert area (m2) | B5: Scales total material per package | C5: 0.01 | D5: 0.02 | E5: 0.04
A6: Coating + drying (USD/m2) | B6: Falls sharply with volume; dominant at low volume | C6: 0.05 | D6: 0.15 | E6: 0.5
A7: Yield (fraction) | B7: Poor yield on a speciality active is expensive | C7: 0.7 | D7: 0.85 | E7: 0.95

Sheet Notes
A1: TECHNO-ECONOMIC MODEL — READ FIRST
A3: Yellow cells on Inputs are assumptions you may edit. Blue cells are formulas.
A5: 1. Every material price here is an ASSUMPTION, not a quotation. The 1-MCP/alpha-CD
A6: complex price is the largest input and the least certain; it should be replaced
A7: with a supplier quote before any decision rests on this model.
A8: 2. The 1-MCP content of the complex (3% w/w) is an assumed order of magnitude and
A9: must be confirmed by assay. It does not affect cost, but it determines whether the
A10: delivered payload is anywhere near an effective dose.
A11: 3. No incumbent price is asserted. Published pricing for SmartFresh, HarvestHold
A12: Fresh, Vidre+ and Hazel 100 was not retrievable during this review, and inventing
A13: a benchmark would invalidate the comparison. Supply a real quote in the benchmark
A14: cell to activate the delta calculation.
... A19: figure may exceed the 'High' sensitivity case by an order of magnitude.
